frame,timestamp,student_id,class_name,gaze_score,posture_score,motion_score,engagement_score
1,1770130187.1311808,1,person,0.5,0.6,0.0,0.44999999999999996
1,1770130187.1311808,2,person,0.5,1.0,0.0,0.55
1,1770130187.1311808,3,chair,0.5,0.5,0.0,0.425
1,1770130187.1311808,4,person,0.6919876337051392,1.0,0.0,0.6651925802230835
1,1770130187.1311808,5,person,0.5,1.0,0.0,0.55
1,1770130187.1311808,6,laptop,0.5,0.5,0.0,0.425
1,1770130187.1311808,7,person,0.5,0.5,0.0,0.425
1,1770130187.1311808,8,backpack,0.5,0.5,0.0,0.425
1,1770130187.1311808,9,person,0.5,1.0,0.0,0.55
1,1770130187.1311808,10,chair,0.5,0.5,0.0,0.425
1,1770130187.1311808,11,backpack,0.5,0.5,0.0,0.425
1,1770130187.1311808,12,laptop,0.5,0.5,0.0,0.425
1,1770130187.1311808,13,chair,0.5,0.5,0.0,0.425
1,1770130187.1311808,14,cell phone,0.5,0.5,0.0,0.425
1,1770130187.1311808,15,cell phone,0.5,0.5,0.0,0.425
1,1770130187.1311808,16,person,0.5,1.0,0.0,0.55
1,1770130187.1311808,17,chair,0.5,0.5,0.0,0.425
1,1770130187.1311808,18,person,0.5759793519973755,0.5,0.0,0.4705876111984253
1,1770130187.1311808,19,person,0.5,1.0,0.0,0.55
1,1770130187.1311808,20,person,0.5,0.5,0.0,0.425
1,1770130187.1311808,21,chair,0.5,0.5,0.0,0.425
1,1770130187.1311808,22,person,0.5,0.5,0.0,0.425
2,1770130191.0058005,1,person,0.5,0.6,0.1899871528148651,0.47849807143211365
2,1770130191.0058005,2,person,0.5,1.0,0.20960290729999542,0.5814404487609863
2,1770130191.0058005,3,chair,0.5,0.5,0.14494630694389343,0.4467419683933258
2,1770130191.0058005,4,person,0.7232667803764343,1.0,0.07452388107776642,0.695138692855835
2,1770130191.0058005,5,person,0.5,1.0,0.6464893817901611,0.6469734311103821
2,1770130191.0058005,6,laptop,0.5,0.5,0.5024391412734985,0.5003658533096313
2,1770130191.0058005,7,person,0.5,0.6,0.3199019134044647,0.49798527359962463
2,1770130191.0058005,8,backpack,0.5,0.5,0.3433012366294861,0.4764952063560486
2,1770130191.0058005,9,person,0.5,1.0,0.286661297082901,0.5929992198944092
2,1770130191.0058005,10,chair,0.5,0.5,0.20306579768657684,0.4554598927497864
2,1770130191.0058005,11,backpack,0.5,0.5,0.2095836102962494,0.4564375579357147
2,1770130191.0058005,12,laptop,0.5,0.5,0.3332780599594116,0.47499173879623413
2,1770130191.0058005,14,cell phone,0.5,0.5,0.22425797581672668,0.4586386978626251
2,1770130191.0058005,15,cell phone,0.5,0.5,0.18805678188800812,0.4532085359096527
2,1770130191.0058005,16,person,0.5,1.0,0.17511531710624695,0.5762673020362854
2,1770130191.0058005,19,person,0.5,1.0,1.0,0.7000000000000001
2,1770130191.0058005,20,person,0.5,0.5,0.648608386516571,0.5222913026809692
2,1770130191.0058005,21,chair,0.5,0.5,0.22215008735656738,0.45832252502441406
3,1770130193.597294,1,person,0.5,0.6,0.2704581320285797,0.49056869745254517
3,1770130193.597294,2,person,0.5,1.0,0.2553112506866455,0.5882967114448547
3,1770130193.597294,3,chair,0.5,0.5,0.2401895523071289,0.46102845668792725
3,1770130193.597294,4,person,0.7403664588928223,1.0,0.06678778678178787,0.7042380571365356
3,1770130193.597294,5,person,0.5,0.5,0.5171884298324585,0.5025782585144043
3,1770130193.597294,6,laptop,0.5,0.5,0.30263209342956543,0.4703948199748993
3,1770130193.597294,7,person,0.5,0.6,0.5692101716995239,0.5353814959526062
3,1770130193.597294,8,backpack,0.5,0.5,0.4241015315055847,0.4886152446269989
3,1770130193.597294,9,person,0.5,1.0,0.19902852177619934,0.5798543095588684
3,1770130193.597294,10,chair,0.5,0.5,0.28147000074386597,0.4672205150127411
3,1770130193.597294,11,backpack,0.5,0.5,0.16468104720115662,0.4497021734714508
3,1770130193.597294,12,laptop,0.5,0.5,0.3994413912296295,0.48491621017456055
3,1770130193.597294,15,cell phone,0.5,0.5,0.22513537108898163,0.4587703347206116
3,1770130193.597294,16,person,0.5,1.0,0.3233829438686371,0.5985074639320374
3,1770130193.597294,19,person,0.5,1.0,0.9393122792243958,0.6908968687057495
3,1770130193.597294,20,person,0.5,0.5,0.4078257977962494,0.4861738681793213
3,1770130193.597294,21,chair,0.5,0.5,0.14463987946510315,0.4466959834098816
3,1770130193.597294,13,chair,0.5,0.5,1.0,0.575
3,1770130193.597294,18,person,0.7145041227340698,0.5,0.22489199042320251,0.5874362587928772
3,1770130193.597294,22,person,0.5,0.6,0.6392174363136292,0.5458825826644897
4,1770130195.7496998,1,person,0.5,0.6,0.2921963930130005,0.4938294589519501
4,1770130195.7496998,2,person,0.5,1.0,0.21813800930976868,0.5827206969261169
4,1770130195.7496998,3,chair,0.5,0.5,0.12489791959524155,0.44373470544815063
4,1770130195.7496998,4,person,0.7580100297927856,1.0,0.07880569249391556,0.7166268825531006
4,1770130195.7496998,5,person,0.5,1.0,0.34932684898376465,0.6023990511894226
4,1770130195.7496998,6,laptop,0.5,0.5,0.17220261693000793,0.4508303999900818
4,1770130195.7496998,7,person,0.5,0.6,0.27436646819114685,0.4911549687385559
4,1770130195.7496998,8,backpack,0.5,0.5,0.16417717933654785,0.4496265947818756
4,1770130195.7496998,9,person,0.5,1.0,0.11502192169427872,0.5672532916069031
4,1770130195.7496998,10,chair,0.5,0.5,0.10820458084344864,0.4412307143211365
4,1770130195.7496998,11,backpack,0.5,0.5,0.1234508529305458,0.44351762533187866
4,1770130195.7496998,16,person,0.5,1.0,0.36837008595466614,0.6052555441856384
4,1770130195.7496998,19,person,0.5,0.6,0.3621779978275299,0.5043267011642456
4,1770130195.7496998,20,person,0.5,0.5,0.19666323065757751,0.4544994831085205
4,1770130195.7496998,21,chair,0.5,0.5,0.11951549351215363,0.4429273307323456
4,1770130195.7496998,18,person,0.5,0.5,0.5001189112663269,0.5000178813934326
4,1770130195.7496998,14,cell phone,0.5,0.5,0.16901937127113342,0.45035290718078613
5,1770130197.793107,1,person,0.5,0.6,0.11200320720672607,0.4668004810810089
5,1770130197.793107,2,person,0.5,1.0,0.2352183610200882,0.5852827429771423
5,1770130197.793107,3,chair,0.5,0.5,0.1125258356332779,0.44187888503074646
5,1770130197.793107,4,person,0.7593493461608887,1.0,0.07854898273944855,0.7173919677734375
5,1770130197.793107,5,person,0.5,1.0,0.35944217443466187,0.603916347026825
5,1770130197.793107,6,laptop,0.5,0.5,0.11701805889606476,0.44255271553993225
5,1770130197.793107,7,person,0.5,0.6,0.33970320224761963,0.5009554624557495
5,1770130197.793107,8,backpack,0.5,0.5,0.17865684628486633,0.45179852843284607
5,1770130197.793107,9,person,0.5,1.0,0.19335074722766876,0.5790026187896729
5,1770130197.793107,10,chair,0.5,0.5,0.10251953452825546,0.44037795066833496
5,1770130197.793107,11,backpack,0.5,0.5,0.09735194593667984,0.439602792263031
5,1770130197.793107,16,person,0.5,1.0,0.15597222745418549,0.573395848274231
5,1770130197.793107,19,person,0.5,0.6,1.0,0.6
5,1770130197.793107,21,chair,0.5,0.5,0.1257617324590683,0.44386428594589233
5,1770130197.793107,14,cell phone,0.5,0.5,0.3147962689399719,0.47221946716308594
5,1770130197.793107,12,laptop,0.5,0.5,0.29645150899887085,0.46946772933006287
6,1770130199.592169,1,person,0.5,0.6,0.21277856826782227,0.48191678524017334
6,1770130199.592169,2,person,0.5,1.0,0.18673467636108398,0.5780102014541626
6,1770130199.592169,3,chair,0.5,0.5,0.22481012344360352,0.4587215185165405
6,1770130199.592169,4,person,0.7555755972862244,1.0,0.06922118365764618,0.7137285470962524
6,1770130199.592169,5,person,0.5,1.0,0.30691051483154297,0.5960366129875183
6,1770130199.592169,6,laptop,0.5,0.5,0.16494937241077423,0.4497424066066742
6,1770130199.592169,7,person,0.5,0.6,0.2519857883453369,0.4877978563308716
6,1770130199.592169,8,backpack,0.5,0.5,0.237784743309021,0.4606677293777466
6,1770130199.592169,9,person,0.5,1.0,0.15477655827999115,0.5732164978981018
6,1770130199.592169,11,backpack,0.5,0.5,0.28195279836654663,0.4672929346561432
6,1770130199.592169,16,person,0.5,1.0,0.1269400417804718,0.5690410137176514
6,1770130199.592169,19,person,0.5,1.0,1.0,0.7000000000000001
6,1770130199.592169,21,chair,0.5,0.5,0.2353714257478714,0.46030572056770325
6,1770130199.592169,14,cell phone,0.5,0.5,0.3074643611907959,0.4711196720600128
6,1770130199.592169,12,laptop,0.5,0.5,0.30074578523635864,0.4701118767261505
6,1770130199.592169,15,cell phone,0.5,0.5,0.29136067628860474,0.46870410442352295
6,1770130199.592169,13,chair,0.5,0.5,0.3547194004058838,0.47820791602134705
6,1770130199.592169,22,person,0.5,0.5,0.8240968585014343,0.5486145615577698
6,1770130199.592169,20,person,0.5,0.5,0.4575517177581787,0.4936327636241913
7,1770130201.688555,1,person,0.5,0.6,0.16231690347194672,0.4743475317955017
7,1770130201.688555,2,person,0.5,1.0,0.19445647299289703,0.5791684985160828
7,1770130201.688555,3,chair,0.5,0.5,0.3549315333366394,0.4782397449016571
7,1770130201.688555,4,person,0.7450845241546631,1.0,0.09274420142173767,0.7109622955322266
7,1770130201.688555,5,person,0.5,1.0,0.3420460820198059,0.6013069152832031
7,1770130201.688555,6,laptop,0.5,0.5,0.24346967041492462,0.4615204632282257
7,1770130201.688555,7,person,0.5,0.6,0.178434357047081,0.47676515579223633
7,1770130201.688555,8,backpack,0.5,0.5,0.28033021092414856,0.4670495390892029
7,1770130201.688555,9,person,0.5,1.0,0.19699051976203918,0.5795485973358154
7,1770130201.688555,11,backpack,0.5,0.5,0.14085999131202698,0.4461290240287781
7,1770130201.688555,16,person,0.5,1.0,0.20149853825569153,0.5802248120307922
7,1770130201.688555,19,person,0.5,1.0,1.0,0.7000000000000001
7,1770130201.688555,21,chair,0.5,0.5,0.09169982373714447,0.43875497579574585
7,1770130201.688555,14,cell phone,0.5,0.5,0.3349102735519409,0.47523656487464905
7,1770130201.688555,12,laptop,0.5,0.5,0.2592531442642212,0.4638879895210266
7,1770130201.688555,15,cell phone,0.5,0.5,0.15307995676994324,0.4479620158672333
8,1770130203.4848938,1,person,0.5,0.6,0.17154563963413239,0.47573184967041016
8,1770130203.4848938,2,person,0.5,1.0,0.18158812820911407,0.5772382020950317
8,1770130203.4848938,3,chair,0.5,0.5,0.2534326910972595,0.4630149006843567
8,1770130203.4848938,4,person,0.7466186285018921,1.0,0.053753942251205444,0.706034243106842
8,1770130203.4848938,5,person,0.5,0.5,0.31767019629478455,0.47265052795410156
8,1770130203.4848938,6,laptop,0.5,0.5,0.2979535460472107,0.46969303488731384
8,1770130203.4848938,7,person,0.5,0.6,0.20926380157470703,0.4813895523548126
8,1770130203.4848938,8,backpack,0.5,0.5,0.15907420217990875,0.44886115193367004
8,1770130203.4848938,9,person,0.7661094069480896,1.0,0.1952371448278427,0.7389512062072754
8,1770130203.4848938,16,person,0.5,1.0,0.12109439074993134,0.5681641697883606
8,1770130203.4848938,19,person,0.5,1.0,0.5773656964302063,0.6366048455238342
8,1770130203.4848938,21,chair,0.5,0.5,0.09268712997436523,0.4389030933380127
8,1770130203.4848938,14,cell phone,0.5,0.5,0.22075465321540833,0.4581132233142853
8,1770130203.4848938,12,laptop,0.5,0.5,0.3202689290046692,0.4730403423309326
8,1770130203.4848938,15,cell phone,0.5,0.5,0.11626176536083221,0.4424392879009247
9,1770130205.222382,1,person,0.5,0.6,0.34223803877830505,0.5013356804847717
9,1770130205.222382,2,person,0.5,1.0,0.15576589107513428,0.5733649134635925
9,1770130205.222382,3,chair,0.5,0.5,0.4020915627479553,0.48531374335289
9,1770130205.222382,4,person,0.756348729133606,1.0,0.08874619752168655,0.7171211838722229
9,1770130205.222382,5,person,0.5,1.0,0.25079768896102905,0.5876196622848511
9,1770130205.222382,6,laptop,0.5,0.5,0.3126291036605835,0.47189438343048096
9,1770130205.222382,7,person,0.5,0.6,0.2621645927429199,0.489324688911438
9,1770130205.222382,8,backpack,0.5,0.5,0.25952988862991333,0.46392950415611267
9,1770130205.222382,9,person,0.7375569343566895,1.0,0.4912381172180176,0.7662198543548584
9,1770130205.222382,16,person,0.5,1.0,0.1608615517616272,0.5741292238235474
9,1770130205.222382,19,person,0.5,1.0,0.897049605846405,0.6845574378967285
9,1770130205.222382,21,chair,0.5,0.5,0.10929904133081436,0.4413948655128479
9,1770130205.222382,14,cell phone,0.5,0.5,0.2473902702331543,0.4621085524559021
9,1770130205.222382,12,laptop,0.5,0.5,0.46437811851501465,0.4946567416191101
9,1770130205.222382,15,cell phone,0.5,0.5,0.16663983464241028,0.4499959945678711
9,1770130205.222382,26,backpack,0.5,0.5,0.0,0.425
9,1770130205.222382,11,backpack,0.5,0.5,0.21123996376991272,0.45668601989746094
10,1770130207.0800314,1,person,0.5,0.6,0.1493847817182541,0.4724076986312866
10,1770130207.0800314,2,person,0.5,1.0,0.183858260512352,0.5775787234306335
10,1770130207.0800314,3,chair,0.5,0.5,0.15585391223430634,0.4483780860900879
10,1770130207.0800314,4,person,0.7646819353103638,1.0,0.07873878628015518,0.7206199765205383
10,1770130207.0800314,5,person,0.5,1.0,0.2595036029815674,0.5889255404472351
10,1770130207.0800314,6,laptop,0.5,0.5,0.2224377691745758,0.45836567878723145
10,1770130207.0800314,7,person,0.5,0.6,0.2738352417945862,0.4910752773284912
10,1770130207.0800314,8,backpack,0.5,0.5,0.21417272090911865,0.4571259319782257
10,1770130207.0800314,9,person,0.7518876791000366,1.0,0.1407947540283203,0.722251832485199
10,1770130207.0800314,16,person,0.5,1.0,0.18613559007644653,0.5779203772544861
10,1770130207.0800314,19,person,0.5,1.0,0.3416995704174042,0.601254940032959
10,1770130207.0800314,21,chair,0.5,0.5,0.06787329912185669,0.43518102169036865
10,1770130207.0800314,14,cell phone,0.5,0.5,0.1787557601928711,0.45181336998939514
10,1770130207.0800314,12,laptop,0.5,0.5,0.44085532426834106,0.4911283254623413
10,1770130207.0800314,15,cell phone,0.5,0.5,0.052812736481428146,0.4329219162464142
10,1770130207.0800314,26,backpack,0.5,0.5,0.15048350393772125,0.4475725293159485
10,1770130207.0800314,11,backpack,0.5,0.5,0.14275142550468445,0.44641274213790894
11,1770130209.1679103,1,person,0.5,0.6,0.18730561435222626,0.4780958294868469
11,1770130209.1679103,2,person,0.5,1.0,0.10549670457839966,0.5658245086669922
11,1770130209.1679103,3,chair,0.5,0.5,0.2852354943752289,0.4677853286266327
11,1770130209.1679103,4,person,0.7723549604415894,1.0,0.06268592923879623,0.7228158712387085
11,1770130209.1679103,5,person,0.5,0.5,0.21049585938453674,0.45657438039779663
11,1770130209.1679103,6,laptop,0.5,0.5,0.3009863495826721,0.470147967338562
11,1770130209.1679103,7,person,0.5,0.6,1.0,0.6
11,1770130209.1679103,8,backpack,0.5,0.5,0.10901530086994171,0.44135230779647827
11,1770130209.1679103,9,person,0.7578086256980896,1.0,0.2695963978767395,0.7451246380805969
11,1770130209.1679103,16,person,0.5,1.0,0.10323810577392578,0.5654857158660889
11,1770130209.1679103,19,person,0.5,1.0,0.6425766944885254,0.6463865041732788
11,1770130209.1679103,21,chair,0.5,0.5,0.06502092629671097,0.4347531497478485
11,1770130209.1679103,14,cell phone,0.5,0.5,0.22093209624290466,0.4581398367881775
11,1770130209.1679103,15,cell phone,0.5,0.5,0.10882284492254257,0.4413234293460846
11,1770130209.1679103,26,backpack,0.5,0.5,0.19572299718856812,0.45435845851898193
11,1770130209.1679103,11,backpack,0.5,0.5,0.0794745460152626,0.4369211792945862
11,1770130209.1679103,22,person,0.5,0.5,0.916080117225647,0.5624120235443115
12,1770130211.1917102,1,person,0.5,0.6,0.15179406106472015,0.4727691113948822
12,1770130211.1917102,2,person,0.5,1.0,0.2404985874891281,0.5860748291015625
12,1770130211.1917102,3,chair,0.5,0.5,0.5175104737281799,0.5026265978813171
12,1770130211.1917102,4,person,0.7622570991516113,1.0,0.037757616490125656,0.7130178809165955
12,1770130211.1917102,5,person,0.5,0.5,0.22172586619853973,0.45825889706611633
12,1770130211.1917102,6,laptop,0.5,0.5,0.11866982281208038,0.44280049204826355
12,1770130211.1917102,7,person,0.5,0.6,0.8621572256088257,0.5793235898017883
12,1770130211.1917102,8,backpack,0.5,0.5,0.2042996883392334,0.45564496517181396
12,1770130211.1917102,9,person,0.7621527910232544,1.0,0.1646326333284378,0.7319865822792053
12,1770130211.1917102,16,person,0.5,1.0,0.09746064245700836,0.5646191239356995
12,1770130211.1917102,19,person,0.5,1.0,0.08097787946462631,0.5621467232704163
12,1770130211.1917102,21,chair,0.5,0.5,0.10595788061618805,0.4408937096595764
12,1770130211.1917102,14,cell phone,0.5,0.5,0.13527563214302063,0.4452913701534271
12,1770130211.1917102,15,cell phone,0.5,0.5,0.09512840956449509,0.4392692744731903
12,1770130211.1917102,26,backpack,0.5,0.5,0.23142683506011963,0.45971405506134033
12,1770130211.1917102,11,backpack,0.5,0.5,0.11591559648513794,0.44238734245300293
12,1770130211.1917102,22,person,0.5,0.5,0.2040097713470459,0.4556014835834503
12,1770130211.1917102,12,book,0.5,0.5,0.20668594539165497,0.4560028910636902
13,1770130213.2789168,1,person,0.5,0.6,0.22502081096172333,0.48375311493873596
13,1770130213.2789168,2,person,0.5,1.0,0.12087265402078629,0.5681309103965759
13,1770130213.2789168,3,chair,0.5,0.5,0.28814640641212463,0.4682219624519348
13,1770130213.2789168,4,person,0.7515411376953125,1.0,0.06646094471216202,0.7108938097953796
13,1770130213.2789168,5,person,0.5,0.5,0.19613412022590637,0.4544201195240021
13,1770130213.2789168,6,laptop,0.5,0.5,0.053315479308366776,0.43299734592437744
13,1770130213.2789168,7,person,0.5,0.6,0.7056799530982971,0.5558519959449768
13,1770130213.2789168,8,backpack,0.5,0.5,0.14602118730545044,0.44690319895744324
13,1770130213.2789168,9,person,0.747289776802063,1.0,0.12325605005025864,0.7168622612953186
13,1770130213.2789168,16,person,0.5,1.0,0.08794637024402618,0.5631919503211975
13,1770130213.2789168,19,person,0.5,1.0,0.12545990943908691,0.568818986415863
13,1770130213.2789168,21,chair,0.5,0.5,0.06628178805112839,0.4349422752857208
13,1770130213.2789168,14,cell phone,0.5,0.5,0.15598300099372864,0.4483974575996399
13,1770130213.2789168,15,cell phone,0.5,0.5,0.10258258879184723,0.44038739800453186
13,1770130213.2789168,11,backpack,0.5,0.5,0.18868224322795868,0.4533023536205292
13,1770130213.2789168,22,person,0.5,0.5,0.22226417064666748,0.4583396315574646
14,1770130215.1326592,1,person,0.5,0.6,0.30461931228637695,0.4956928789615631
14,1770130215.1326592,2,person,0.5,1.0,0.19933640956878662,0.5799005031585693
14,1770130215.1326592,3,chair,0.5,0.5,0.10025741904973984,0.44003862142562866
14,1770130215.1326592,4,person,0.7385448217391968,1.0,0.06934374570846558,0.7035284638404846
14,1770130215.1326592,5,person,0.5,0.5,0.19018521904945374,0.4535278081893921
14,1770130215.1326592,6,laptop,0.5,0.5,0.07711261510848999,0.43656688928604126
14,1770130215.1326592,7,person,0.5,0.6,0.799885630607605,0.5699828267097473
14,1770130215.1326592,8,backpack,0.5,0.5,0.17949628829956055,0.4519244432449341
14,1770130215.1326592,9,person,0.5,0.5,0.1375899612903595,0.445638507604599
14,1770130215.1326592,16,person,0.5,1.0,0.10288095474243164,0.5654321312904358
14,1770130215.1326592,19,person,0.5,1.0,0.1369897723197937,0.5705484747886658
14,1770130215.1326592,21,chair,0.5,0.5,0.11525373160839081,0.4422880709171295
14,1770130215.1326592,14,cell phone,0.5,0.5,0.1379852294921875,0.4456977844238281
14,1770130215.1326592,15,cell phone,0.5,0.5,0.11240093410015106,0.4418601393699646
14,1770130215.1326592,11,backpack,0.5,0.5,0.06255383789539337,0.4343830943107605
14,1770130215.1326592,22,person,0.5,0.5,0.6729933023452759,0.5259490013122559
14,1770130215.1326592,12,book,0.5,0.5,0.20936326682567596,0.45640450716018677
15,1770130217.2128742,1,person,0.5,0.6,0.11863448470830917,0.46779516339302063
15,1770130217.2128742,2,person,0.5,1.0,0.23474006354808807,0.5852110385894775
15,1770130217.2128742,3,chair,0.5,0.5,0.1412183940410614,0.4461827874183655
15,1770130217.2128742,4,person,0.7184504270553589,1.0,0.1175331249833107,0.6987002491950989
15,1770130217.2128742,5,person,0.5,0.5,0.256510466337204,0.46347659826278687
15,1770130217.2128742,6,laptop,0.5,0.5,0.10075759887695312,0.4401136636734009
15,1770130217.2128742,7,person,0.5,0.6,0.6401451826095581,0.5460217595100403
15,1770130217.2128742,8,backpack,0.5,0.5,0.08704628050327301,0.43805694580078125
15,1770130217.2128742,9,person,0.7674590945243835,1.0,0.20374687016010284,0.7410374879837036
15,1770130217.2128742,16,person,0.5,1.0,0.10511542856693268,0.5657673478126526
15,1770130217.2128742,19,person,0.5,0.6,1.0,0.6
15,1770130217.2128742,21,chair,0.5,0.5,0.10067500174045563,0.4401012659072876
15,1770130217.2128742,14,cell phone,0.5,0.5,0.13784438371658325,0.44567668437957764
15,1770130217.2128742,15,cell phone,0.5,0.5,0.17023159563541412,0.45053476095199585
15,1770130217.2128742,11,backpack,0.5,0.5,0.065484918653965,0.4348227381706238
15,1770130217.2128742,22,person,0.5,0.5,0.6722075343132019,0.5258311629295349
15,1770130217.2128742,12,book,0.5,0.5,0.12043868005275726,0.4430658221244812
15,1770130217.2128742,13,chair,0.5,0.5,0.6137006282806396,0.517055094242096
16,1770130219.2976604,1,person,0.5,0.6,0.28115952014923096,0.4921739101409912
16,1770130219.2976604,2,person,0.5,1.0,0.2948693037033081,0.5942304134368896
16,1770130219.2976604,3,chair,0.5,0.5,0.238584965467453,0.4607877731323242
16,1770130219.2976604,4,person,0.7168684005737305,1.0,0.06145057827234268,0.6893386244773865
16,1770130219.2976604,5,person,0.5,0.5,0.29492244124412537,0.46923837065696716
16,1770130219.2976604,6,laptop,0.5,0.5,0.09147419780492783,0.4387211501598358
16,1770130219.2976604,7,person,0.5,0.6,0.2296106517314911,0.4844415783882141
16,1770130219.2976604,8,backpack,0.5,0.5,0.12331478297710419,0.4434972405433655
16,1770130219.2976604,9,person,0.7367551326751709,1.0,0.19551900029182434,0.7213809490203857
16,1770130219.2976604,16,person,0.5,1.0,0.08471395820379257,0.5627071261405945
16,1770130219.2976604,19,person,0.5,1.0,0.8285998106002808,0.6742900013923645
16,1770130219.2976604,21,chair,0.5,0.5,0.12158169597387314,0.4432372748851776
16,1770130219.2976604,14,cell phone,0.5,0.5,0.12081937491893768,0.443122923374176
16,1770130219.2976604,15,cell phone,0.5,0.5,0.10113786160945892,0.4401707053184509
16,1770130219.2976604,11,backpack,0.5,0.5,0.10263876616954803,0.4403958320617676
16,1770130219.2976604,22,person,0.5,0.5,0.2739577889442444,0.46609368920326233
16,1770130219.2976604,12,book,0.5,0.5,0.1962086260318756,0.45443129539489746
17,1770130221.2712648,1,person,0.5,0.6,0.17580945789813995,0.4763714075088501
17,1770130221.2712648,2,person,0.5,1.0,0.20593445003032684,0.5808901786804199
17,1770130221.2712648,3,chair,0.5,0.5,0.15041758120059967,0.44756263494491577
17,1770130221.2712648,4,person,0.7091249227523804,1.0,0.07376782596111298,0.6865401268005371
17,1770130221.2712648,5,person,0.5,0.5,0.2337896078824997,0.4600684642791748
17,1770130221.2712648,6,laptop,0.5,0.5,0.09881413727998734,0.43982213735580444
17,1770130221.2712648,7,person,0.5,0.6,0.11685393750667572,0.4675280749797821
17,1770130221.2712648,8,backpack,0.5,0.5,0.08866886794567108,0.43830034136772156
17,1770130221.2712648,9,person,0.7680160403251648,1.0,0.18545565009117126,0.7386279702186584
17,1770130221.2712648,16,person,0.5,1.0,0.10522419214248657,0.5657836198806763
17,1770130221.2712648,19,person,0.5,0.6,1.0,0.6
17,1770130221.2712648,21,chair,0.5,0.5,0.07034491002559662,0.4355517625808716
17,1770130221.2712648,14,cell phone,0.5,0.5,0.11367832124233246,0.4420517683029175
17,1770130221.2712648,15,cell phone,0.5,0.5,0.12585577368736267,0.4438783824443817
17,1770130221.2712648,11,backpack,0.5,0.5,0.0738043412566185,0.43607065081596375
17,1770130221.2712648,22,person,0.5,0.5,0.1852407157421112,0.4527861177921295
18,1770130223.0675583,1,person,0.5,0.6,0.28472569584846497,0.49270883202552795
18,1770130223.0675583,2,person,0.5,1.0,0.21532759070396423,0.5822991728782654
18,1770130223.0675583,3,chair,0.5,0.5,0.2549320459365845,0.4632398188114166
18,1770130223.0675583,4,person,0.7123708724975586,1.0,0.08657608926296234,0.6904089450836182
18,1770130223.0675583,5,person,0.5,0.5,0.2781328856945038,0.46671995520591736
18,1770130223.0675583,6,laptop,0.5,0.5,0.141230508685112,0.44618457555770874
18,1770130223.0675583,7,person,0.5,0.6,0.16915719211101532,0.4753735661506653
18,1770130223.0675583,8,backpack,0.5,0.5,0.18391500413417816,0.4525872766971588
18,1770130223.0675583,9,person,0.788048267364502,1.0,0.2643739581108093,0.7624850869178772
18,1770130223.0675583,16,person,0.5,1.0,0.11595574766397476,0.5673933625221252
18,1770130223.0675583,19,person,0.5,1.0,1.0,0.7000000000000001
18,1770130223.0675583,21,chair,0.5,0.5,0.03289337828755379,0.429934024810791
18,1770130223.0675583,14,cell phone,0.5,0.5,0.10404989868402481,0.440607488155365
18,1770130223.0675583,15,cell phone,0.5,0.5,0.1696399450302124,0.4504460096359253
18,1770130223.0675583,11,backpack,0.5,0.5,0.07428202033042908,0.43614232540130615
18,1770130223.0675583,22,person,0.5,0.5,0.22815077006816864,0.45922261476516724
19,1770130224.969242,1,person,0.5,0.6,0.23857776820659637,0.48578664660453796
19,1770130224.969242,2,person,0.5,1.0,0.24834874272346497,0.5872523188591003
19,1770130224.969242,3,chair,0.5,0.5,0.31742608547210693,0.4726139307022095
19,1770130224.969242,4,person,0.7110117077827454,1.0,0.06982626765966415,0.687080979347229
19,1770130224.969242,6,laptop,0.5,0.5,0.1899738758802414,0.4534960985183716
19,1770130224.969242,7,person,0.5,0.6,0.16892379522323608,0.47533854842185974
19,1770130224.969242,8,backpack,0.5,0.5,0.12628492712974548,0.44394275546073914
19,1770130224.969242,9,person,0.8028050065040588,1.0,0.5551820993423462,0.8149603605270386
19,1770130224.969242,16,person,0.5,1.0,0.15553463995456696,0.5733302235603333
19,1770130224.969242,19,person,0.5,0.6,0.37698039412498474,0.5065470337867737
19,1770130224.969242,21,chair,0.5,0.5,0.07604456692934036,0.4364067018032074
19,1770130224.969242,14,cell phone,0.5,0.5,0.10166571289300919,0.44024986028671265
19,1770130224.969242,15,cell phone,0.5,0.5,0.0891585573554039,0.4383738040924072
19,1770130224.969242,11,backpack,0.5,0.5,0.06919119507074356,0.43537870049476624
19,1770130224.969242,22,person,0.5,1.0,0.43409156799316406,0.6151137351989746
20,1770130226.6993835,1,person,0.5,0.6,0.2379695475101471,0.48569542169570923
20,1770130226.6993835,2,person,0.5,1.0,0.28128427267074585,0.5921926498413086
20,1770130226.6993835,3,chair,0.5,0.5,0.09169018268585205,0.43875354528427124
20,1770130226.6993835,4,person,0.7058765888214111,1.0,0.09657441079616547,0.6880120635032654
20,1770130226.6993835,6,laptop,0.5,0.5,0.1728821098804474,0.4509323239326477
20,1770130226.6993835,7,person,0.5,0.6,0.3945331275463104,0.509179949760437
20,1770130226.6993835,8,backpack,0.5,0.5,0.10238271951675415,0.44035741686820984
20,1770130226.6993835,9,person,0.7921708226203918,1.0,0.13335256278514862,0.7453054189682007
20,1770130226.6993835,16,person,0.5,1.0,0.15368862450122833,0.5730533003807068
20,1770130226.6993835,19,person,0.5,0.6,1.0,0.6
20,1770130226.6993835,21,chair,0.5,0.5,0.10579395294189453,0.4408690929412842
20,1770130226.6993835,14,cell phone,0.5,0.5,0.17650993168354034,0.451476514339447
20,1770130226.6993835,15,cell phone,0.5,0.5,0.10315002501010895,0.4404725134372711
20,1770130226.6993835,11,backpack,0.5,0.5,0.12222646176815033,0.4433339834213257
20,1770130226.6993835,22,person,0.5,0.5,0.2651653587818146,0.46477481722831726
20,1770130226.6993835,5,person,0.5,0.5,0.5805761218070984,0.5120864510536194
21,1770130228.560152,1,person,0.5,0.6,0.35096055269241333,0.5026440620422363
21,1770130228.560152,2,person,0.5,1.0,0.3179701566696167,0.597695529460907
21,1770130228.560152,3,chair,0.5,0.5,0.23162758350372314,0.4597441554069519
21,1770130228.560152,4,person,0.7259401082992554,1.0,0.07756300270557404,0.6971985101699829
21,1770130228.560152,6,laptop,0.5,0.5,0.2063121348619461,0.45594683289527893
21,1770130228.560152,7,person,0.5,0.6,0.4143332839012146,0.51214998960495
21,1770130228.560152,8,backpack,0.5,0.5,0.27690035104751587,0.4665350615978241
21,1770130228.560152,9,person,0.7708859443664551,1.0,0.1949877291917801,0.7417797446250916
21,1770130228.560152,16,person,0.5,1.0,0.18536874651908875,0.5778053402900696
21,1770130228.560152,19,person,0.5,1.0,0.7115033864974976,0.6567255258560181
21,1770130228.560152,21,chair,0.5,0.5,0.0930255651473999,0.43895384669303894
21,1770130228.560152,14,cell phone,0.5,0.5,0.16337445378303528,0.4495061933994293
21,1770130228.560152,15,cell phone,0.5,0.5,0.16836343705654144,0.45025452971458435
21,1770130228.560152,11,backpack,0.5,0.5,0.11478167772293091,0.44221726059913635
21,1770130228.560152,22,person,0.5,1.0,0.1668773591518402,0.5750316381454468
21,1770130228.560152,5,person,0.5,0.5,0.27019789814949036,0.4655297100543976
21,1770130228.560152,13,chair,0.5,0.5,1.0,0.575
22,1770130230.5043104,1,person,0.5,0.6,0.4443283975124359,0.5166492462158203
22,1770130230.5043104,2,person,0.5,1.0,0.4469020366668701,0.6170353293418884
22,1770130230.5043104,3,chair,0.5,0.5,0.19492021203041077,0.45423805713653564
22,1770130230.5043104,4,person,0.7177339792251587,1.0,0.09277153015136719,0.6945561170578003
22,1770130230.5043104,6,laptop,0.5,0.5,0.13590654730796814,0.44538599252700806
22,1770130230.5043104,7,person,0.5,0.6,0.27136147022247314,0.490704208612442
22,1770130230.5043104,8,backpack,0.5,0.5,0.20550832152366638,0.4558262526988983
22,1770130230.5043104,9,person,0.7834076881408691,1.0,0.08978648483753204,0.7335125803947449
22,1770130230.5043104,16,person,0.5,1.0,0.19070622324943542,0.5786059498786926
22,1770130230.5043104,19,person,0.5,0.6,1.0,0.6
22,1770130230.5043104,21,chair,0.5,0.5,0.16494597494602203,0.4497418999671936
22,1770130230.5043104,14,cell phone,0.5,0.5,0.09575371444225311,0.4393630623817444
22,1770130230.5043104,15,cell phone,0.5,0.5,0.1836434006690979,0.45254653692245483
22,1770130230.5043104,11,backpack,0.5,0.5,0.0718860849738121,0.43578293919563293
22,1770130230.5043104,22,person,0.5,0.5,0.15851223468780518,0.44877684116363525
22,1770130230.5043104,5,person,0.5,0.5,0.3201250731945038,0.4730187654495239
22,1770130230.5043104,34,handbag,0.5,0.5,0.0,0.425
22,1770130230.5043104,35,cell phone,0.5,0.5,0.0,0.425
22,1770130230.5043104,13,chair,0.5,0.5,0.4571528434753418,0.4935729503631592
23,1770130232.6285243,1,person,0.5,0.6,0.2943231463432312,0.49414846301078796
23,1770130232.6285243,2,person,0.5,1.0,0.5381041765213013,0.6307156085968018
23,1770130232.6285243,3,chair,0.5,0.5,0.26916831731796265,0.46537524461746216
23,1770130232.6285243,4,person,0.7331886887550354,1.0,0.061142850667238235,0.6990846395492554
23,1770130232.6285243,6,laptop,0.5,0.5,0.11923986673355103,0.44288599491119385
23,1770130232.6285243,7,person,0.5,0.3,0.37502118945121765,0.43125319480895996
23,1770130232.6285243,8,backpack,0.5,0.5,0.1855308711528778,0.45282965898513794
23,1770130232.6285243,9,person,0.7806088924407959,1.0,0.08855149894952774,0.7316480278968811
23,1770130232.6285243,16,person,0.5,1.0,0.14155438542366028,0.5712331533432007
23,1770130232.6285243,19,person,0.5,0.6,0.641014575958252,0.5461521744728088
23,1770130232.6285243,21,chair,0.5,0.5,0.0763297900557518,0.43644946813583374
23,1770130232.6285243,14,cell phone,0.5,0.5,0.06410647928714752,0.43461596965789795
23,1770130232.6285243,15,cell phone,0.5,0.5,0.06044808775186539,0.4340672194957733
23,1770130232.6285243,11,backpack,0.5,0.5,0.09056159853935242,0.43858423829078674
23,1770130232.6285243,22,person,0.5,0.5,0.18520298600196838,0.45278045535087585
23,1770130232.6285243,34,handbag,0.5,0.5,0.14468789100646973,0.4467031955718994
23,1770130232.6285243,35,cell phone,0.5,0.5,0.15027695894241333,0.44754156470298767
23,1770130232.6285243,13,chair,0.5,0.5,0.4822603762149811,0.49733906984329224
23,1770130232.6285243,26,backpack,0.5,0.5,1.0,0.575
24,1770130234.713859,1,person,0.5,0.6,0.3680207431316376,0.505203127861023
24,1770130234.713859,2,person,0.5,1.0,0.7052184343338013,0.6557827591896057
24,1770130234.713859,3,chair,0.5,0.5,0.31499725580215454,0.4722495973110199
24,1770130234.713859,4,person,0.7274012565612793,1.0,0.07471475750207901,0.6976479887962341
24,1770130234.713859,6,laptop,0.5,0.5,0.14211419224739075,0.4463171362876892
24,1770130234.713859,7,person,0.5,0.3,0.2579001784324646,0.41368502378463745
24,1770130234.713859,8,backpack,0.5,0.5,0.24401187896728516,0.46160179376602173
24,1770130234.713859,16,person,0.5,1.0,0.11837916076183319,0.5677568912506104
24,1770130234.713859,19,person,0.5,0.6,1.0,0.6
24,1770130234.713859,21,chair,0.5,0.5,0.10818692296743393,0.44122806191444397
24,1770130234.713859,14,cell phone,0.5,0.5,0.2673047184944153,0.46509572863578796
24,1770130234.713859,15,cell phone,0.5,0.5,0.09135038405656815,0.4387025833129883
24,1770130234.713859,11,backpack,0.5,0.5,0.1494508683681488,0.44741764664649963
24,1770130234.713859,22,person,0.5,0.5,0.3511391282081604,0.4776708781719208
24,1770130234.713859,35,cell phone,0.5,0.5,0.15249547362327576,0.4478743374347687
24,1770130234.713859,13,chair,0.5,0.5,0.7059868574142456,0.5308980345726013
24,1770130234.713859,5,person,0.5,0.5,0.48146119713783264,0.4972192049026489
